Workbook
Name HD_106: 表紙!#REF!
Name M_002: #REF!

Sheet 使い方
A1: 内訳書 雛形 － 使い方ガイド
A3: ■ この雛形について
A4: この雛形は「LED工事用」として作成しています。他の工事案件で使う場合は、このファイルをコピーし、
A5: シート構成を参考にしながら「入力シート（○○工事用）」を新規作成してご利用ください。
A7: ■ 入力の流れ（LED工事用）
A8: ① | B8: 「入力シート（LED工事用）」タブを開く
A9: ② | B9: 案件情報（宛先・案件名）を入力する → 表紙シートに自動反映されます
A10: ③ | B10: 単価設定（労務費単価・産廃費単価・材料費係数）を入力する
A11: ④ | B11: 使用器具一覧（最大120行）に品番・規格・数量・仕入単価を入力する → 金額が自動計算されます（①材料費内訳(1)〜(8)の8ページに15行ずつ反映）
A12: ⑤ | B12: 「内訳明細書」「表紙」シートで最終確認する（このシートは自動計算のみ、編集不要）
A15: ■ シート構成
A16: シート名 | B16: 役割
A17: 使い方 | B17: このシート（説明用）
A18: 入力シート（LED工事用） | B18: ★ここに入力します（案件情報・単価・器具一覧）※印刷不要ページ
A19: 表紙 | B19: 見積書の表紙（自動計算・編集不要）
A20: 内訳明細書 | B20: 工事費の内訳合計（自動計算・編集不要）
A21: ①材料費 内訳(1)〜(8) | B21: 材料費の内訳（A4横1ページ15行×8ページ分。入力シートを自動反映・編集不要）
A24: ■ 他の工事（LED以外）で使う場合
A25: 「入力シート（LED工事用）」タブをコピーし、タブ名を「入力シート（○○工事用）」に変更してご利用ください。
A26: ①材料費内訳・内訳明細書シートの参照先（数式）を、コピーした新しいシート名に合わせて変更する必要があります。
A27: （変更方法が分からない場合はお声かけください）

Sheet 入力シート（LED工事用）
A1: 【入力シート（LED工事用）】この案件の情報と使用する器具を入力してください
A4: ① 案件情報
A5: 宛先（発注者名・担当官名等） | C5: 支出負担行為担当官 大阪法務局長 中尾 彰
A6: 案件名 | C6: 大阪法務局北大阪支局及び枚方出張所事務室等 照明器具ＬＥＤ改修工事
A8: ② 単価設定（器具1台あたり）
A9: 労務費単価／台 | C9: 800
A10: 産業廃棄物運搬・処分費単価／台 | C10: 700
A11: 材料費係数（仕入単価に掛ける倍率） | C11: 1
A13: ③ 使用器具一覧（品番・数量・仕入単価を入力）
A14: No. | B14: 品番 | C14: 規格・仕様 | D14: 数量 | E14: 単位 | F14: 仕入単価 | G14: 単価（係数後） | H14: 金額 | I14: 備考
A15: 1 | D15: 1500 | E15: 台 | F15: 10000 | G15: =IF(F15="","",F15*$C$11) -> 10000 | H15: =IF(D15="","",D15*G15) -> 15000000
A16: 2 | E16: 台 | G16: =IF(F16="","",F16*$C$11) | H16: =IF(D16="","",D16*G16)
A17: 3 | E17: 台 | G17: =IF(F17="","",F17*$C$11) | H17: =IF(D17="","",D17*G17)
A18: 4 | E18: 台 | G18: =IF(F18="","",F18*$C$11) | H18: =IF(D18="","",D18*G18)
A19: 5 | E19: 台 | G19: =IF(F19="","",F19*$C$11) | H19: =IF(D19="","",D19*G19)
A20: 6 | E20: 台 | G20: =IF(F20="","",F20*$C$11) | H20: =IF(D20="","",D20*G20)
A21: 7 | E21: 台 | G21: =IF(F21="","",F21*$C$11) | H21: =IF(D21="","",D21*G21)
A22: 8 | E22: 台 | G22: =IF(F22="","",F22*$C$11) | H22: =IF(D22="","",D22*G22)
A23: 9 | E23: 台 | G23: =IF(F23="","",F23*$C$11) | H23: =IF(D23="","",D23*G23)
A24: 10 | E24: 台 | G24: =IF(F24="","",F24*$C$11) | H24: =IF(D24="","",D24*G24)
A25: 11 | E25: 台 | G25: =IF(F25="","",F25*$C$11) | H25: =IF(D25="","",D25*G25)
A26: 12 | E26: 台 | G26: =IF(F26="","",F26*$C$11) | H26: =IF(D26="","",D26*G26)
A27: 13 | E27: 台 | G27: =IF(F27="","",F27*$C$11) | H27: =IF(D27="","",D27*G27)
... A134: 120 | E134: 台 | G134: =IF(F134="","",F134*$C$11) | H134: =IF(D134="","",D134*G134)
B135: 小計 | D135: =SUM(D15:D134) -> 1500 | H135: =SUM(H15:H134) -> 15000000

Sheet 表紙
Q1: 46224
P2: 見積No. | Q2: 5002
A3: 内訳明細書
A5: ='入力シート（LED工事用）'!C5 -> 支出負担行為担当官 大阪法務局長 中尾 彰
H6: 殿 | K6: 〒581-0039
A8: 下記のとおりお見積申し上げます。 | K8: 大阪府八尾市太田新町8-29
B10: 工事価格 | D10: =内訳明細書!F20 -> 17250000 | K10: 川野電気株式会社
B12: 案件名 | K12: 代表取締役 川野 善輝
B14: ='入力シート（LED工事用）'!C6 -> 大阪法務局北大阪支局及び枚方出張所事務室等 照明器具ＬＥＤ改修工事 | K14: TEL | L14: 072-974-7021
K15: FAX | L15: 072-951-8643
A21: 見積有効期限 | I21: 納入期日
A22: 納入場所 | I22: お支払条件
A24: 摘要

Sheet 内訳明細書
G1: 46224
F2: 見積No. | G2: 5002
A3: 内訳明細書
A4: 名 称 | B4: 摘 要 | C4: 数 量 | E4: 単 位 | F4: 金 額 | G4: 備 考
A5: 1 直接工事費 | C5: 1 | D5: 式 | F5: =SUM(F6,F7,F8) -> 17250000 | G5: A(①+②+③)
A6: ①材料費 | C6: 1 | D6: 式 | F6: =SUM('①材料費 内訳(1)'!F20,'①材料費 内訳(2)'!F20,'①材料費 内訳(3)'!F20,'①材料費 内訳(4)'!F20,'①材料費 内訳(5)'!F20,'①材料費 内訳(6)'!F20,'①材料費 内訳(7)'!F20,'①材料費 内訳(8)'!F20) -> 15000000 | G6: 別紙明細参照(8枚)
A7: ②労務費 | C7: 1 | D7: 式 | F7: =P7*P8 -> 1200000 | N7: 器具台数 | P7: =SUM('①材料費 内訳(1)'!C20,'①材料費 内訳(2)'!C20,'①材料費 内訳(3)'!C20,'①材料費 内訳(4)'!C20,'①材料費 内訳(5)'!C20,'①材料費 内訳(6)'!C20,'①材料費 内訳(7)'!C20,'①材料費 内訳(8)'!C20) -> 1500
A8: ③産業廃棄物運搬・処分費 | C8: 1 | D8: 式 | F8: =P7*P9 -> 1050000 | N8: 労務費単価/台 | P8: ='入力シート（LED工事用）'!C9 -> 800
N9: 産廃費単価/台 | P9: ='入力シート（LED工事用）'!C10 -> 700
A10: 2 共通費 | C10: 1 | D10: 式 | F10: =SUM(F11,F12,F16) -> 0 | G10: B(④+⑤+⑥)
A11: ④共通仮設費 | C11: 1 | D11: 式 | F11: 0
A12: ⑤現場管理費 | C12: 1 | D12: 式 | F12: =SUM(F13,F14,F15) -> 0
A13: a.建退共制度の掛金 | C13: 1 | D13: 式 | F13: 0
A14: b.法定福利費の事業主負担額 | C14: 1 | D14: 式 | F14: 0
A15: c.安全衛生経費 | C15: 1 | D15: 式 | F15: 0
A16: ⑥一般管理費等 | C16: 1 | D16: 式 | F16: 0
A20: 工事価格 | D20: 式 | F20: =SUM(F5+F10) -> 17250000 | G20: A+B

Sheet ①材料費　内訳(1)
G1: 46224
A2: 材料費明細（1/8）
A3: 名 称 | B3: 規 格 | C3: 数 量 | E3: 単 価 | F3: 金 額 | G3: 備 考
A4: 1 材料費
A5: =IF('入力シート（LED工事用）'!B15="","",'入力シート（LED工事用）'!B15) | B5: =IF('入力シート（LED工事用）'!C15="","",'入力シート（LED工事用）'!C15) | C5: =IF('入力シート（LED工事用）'!D15="","",'入力シート（LED工事用）'!D15) -> 1500 | D5: =IF('入力シート（LED工事用）'!D15="","","台") -> 台 | E5: =IF('入力シート（LED工事用）'!G15="","",'入力シート（LED工事用）'!G15) -> 10000 | F5: =IF('入力シート（LED工事用）'!H15="","",'入力シート（LED工事用）'!H15) -> 15000000
A6: =IF('入力シート（LED工事用）'!B16="","",'入力シート（LED工事用）'!B16) | B6: =IF('入力シート（LED工事用）'!C16="","",'入力シート（LED工事用）'!C16) | C6: =IF('入力シート（LED工事用）'!D16="","",'入力シート（LED工事用）'!D16) | D6: =IF('入力シート（LED工事用）'!D16="","","台") | E6: =IF('入力シート（LED工事用）'!G16="","",'入力シート（LED工事用）'!G16) | F6: =IF('入力シート（LED工事用）'!H16="","",'入力シート（LED工事用）'!H16)
A7: =IF('入力シート（LED工事用）'!B17="","",'入力シート（LED工事用）'!B17) | B7: =IF('入力シート（LED工事用）'!C17="","",'入力シート（LED工事用）'!C17) | C7: =IF('入力シート（LED工事用）'!D17="","",'入力シート（LED工事用）'!D17) | D7: =IF('入力シート（LED工事用）'!D17="","","台") | E7: =IF('入力シート（LED工事用）'!G17="","",'入力シート（LED工事用）'!G17) | F7: =IF('入力シート（LED工事用）'!H17="","",'入力シート（LED工事用）'!H17)
A8: =IF('入力シート（LED工事用）'!B18="","",'入力シート（LED工事用）'!B18) | B8: =IF('入力シート（LED工事用）'!C18="","",'入力シート（LED工事用）'!C18) | C8: =IF('入力シート（LED工事用）'!D18="","",'入力シート（LED工事用）'!D18) | D8: =IF('入力シート（LED工事用）'!D18="","","台") | E8: =IF('入力シート（LED工事用）'!G18="","",'入力シート（LED工事用）'!G18) | F8: =IF('入力シート（LED工事用）'!H18="","",'入力シート（LED工事用）'!H18)
A9: =IF('入力シート（LED工事用）'!B19="","",'入力シート（LED工事用）'!B19) | B9: =IF('入力シート（LED工事用）'!C19="","",'入力シート（LED工事用）'!C19) | C9: =IF('入力シート（LED工事用）'!D19="","",'入力シート（LED工事用）'!D19) | D9: =IF('入力シート（LED工事用）'!D19="","","台") | E9: =IF('入力シート（LED工事用）'!G19="","",'入力シート（LED工事用）'!G19) | F9: =IF('入力シート（LED工事用）'!H19="","",'入力シート（LED工事用）'!H19)
A10: =IF('入力シート（LED工事用）'!B20="","",'入力シート（LED工事用）'!B20) | B10: =IF('入力シート（LED工事用）'!C20="","",'入力シート（LED工事用）'!C20) | C10: =IF('入力シート（LED工事用）'!D20="","",'入力シート（LED工事用）'!D20) | D10: =IF('入力シート（LED工事用）'!D20="","","台") | E10: =IF('入力シート（LED工事用）'!G20="","",'入力シート（LED工事用）'!G20) | F10: =IF('入力シート（LED工事用）'!H20="","",'入力シート（LED工事用）'!H20)
A11: =IF('入力シート（LED工事用）'!B21="","",'入力シート（LED工事用）'!B21) | B11: =IF('入力シート（LED工事用）'!C21="","",'入力シート（LED工事用）'!C21) | C11: =IF('入力シート（LED工事用）'!D21="","",'入力シート（LED工事用）'!D21) | D11: =IF('入力シート（LED工事用）'!D21="","","台") | E11: =IF('入力シート（LED工事用）'!G21="","",'入力シート（LED工事用）'!G21) | F11: =IF('入力シート（LED工事用）'!H21="","",'入力シート（LED工事用）'!H21)
A12: =IF('入力シート（LED工事用）'!B22="","",'入力シート（LED工事用）'!B22) | B12: =IF('入力シート（LED工事用）'!C22="","",'入力シート（LED工事用）'!C22) | C12: =IF('入力シート（LED工事用）'!D22="","",'入力シート（LED工事用）'!D22) | D12: =IF('入力シート（LED工事用）'!D22="","","台") | E12: =IF('入力シート（LED工事用）'!G22="","",'入力シート（LED工事用）'!G22) | F12: =IF('入力シート（LED工事用）'!H22="","",'入力シート（LED工事用）'!H22)
A13: =IF('入力シート（LED工事用）'!B23="","",'入力シート（LED工事用）'!B23) | B13: =IF('入力シート（LED工事用）'!C23="","",'入力シート（LED工事用）'!C23) | C13: =IF('入力シート（LED工事用）'!D23="","",'入力シート（LED工事用）'!D23) | D13: =IF('入力シート（LED工事用）'!D23="","","台") | E13: =IF('入力シート（LED工事用）'!G23="","",'入力シート（LED工事用）'!G23) | F13: =IF('入力シート（LED工事用）'!H23="","",'入力シート（LED工事用）'!H23)
A14: =IF('入力シート（LED工事用）'!B24="","",'入力シート（LED工事用）'!B24) | B14: =IF('入力シート（LED工事用）'!C24="","",'入力シート（LED工事用）'!C24) | C14: =IF('入力シート（LED工事用）'!D24="","",'入力シート（LED工事用）'!D24) | D14: =IF('入力シート（LED工事用）'!D24="","","台") | E14: =IF('入力シート（LED工事用）'!G24="","",'入力シート（LED工事用）'!G24) | F14: =IF('入力シート（LED工事用）'!H24="","",'入力シート（LED工事用）'!H24)
A15: =IF('入力シート（LED工事用）'!B25="","",'入力シート（LED工事用）'!B25) | B15: =IF('入力シート（LED工事用）'!C25="","",'入力シート（LED工事用）'!C25) | C15: =IF('入力シート（LED工事用）'!D25="","",'入力シート（LED工事用）'!D25) | D15: =IF('入力シート（LED工事用）'!D25="","","台") | E15: =IF('入力シート（LED工事用）'!G25="","",'入力シート（LED工事用）'!G25) | F15: =IF('入力シート（LED工事用）'!H25="","",'入力シート（LED工事用）'!H25)
A16: =IF('入力シート（LED工事用）'!B26="","",'入力シート（LED工事用）'!B26) | B16: =IF('入力シート（LED工事用）'!C26="","",'入力シート（LED工事用）'!C26) | C16: =IF('入力シート（LED工事用）'!D26="","",'入力シート（LED工事用）'!D26) | D16: =IF('入力シート（LED工事用）'!D26="","","台") | E16: =IF('入力シート（LED工事用）'!G26="","",'入力シート（LED工事用）'!G26) | F16: =IF('入力シート（LED工事用）'!H26="","",'入力シート（LED工事用）'!H26)
... A19: =IF('入力シート（LED工事用）'!B29="","",'入力シート（LED工事用）'!B29) | B19: =IF('入力シート（LED工事用）'!C29="","",'入力シート（LED工事用）'!C29) | C19: =IF('入力シート（LED工事用）'!D29="","",'入力シート（LED工事用）'!D29) | D19: =IF('入力シート（LED工事用）'!D29="","","台") | E19: =IF('入力シート（LED工事用）'!G29="","",'入力シート（LED工事用）'!G29) | F19: =IF('入力シート（LED工事用）'!H29="","",'入力シート（LED工事用）'!H29)
A20: 小 計 | C20: =SUM(C5:C19) -> 1500 | F20: =SUM(F5:F19) -> 15000000

Sheet ①材料費　内訳(2)
G1: 46224
A2: 材料費明細（2/8）
A3: 名 称 | B3: 規 格 | C3: 数 量 | E3: 単 価 | F3: 金 額 | G3: 備 考
A4: 1 材料費
A5: =IF('入力シート（LED工事用）'!B30="","",'入力シート（LED工事用）'!B30) | B5: =IF('入力シート（LED工事用）'!C30="","",'入力シート（LED工事用）'!C30) | C5: =IF('入力シート（LED工事用）'!D30="","",'入力シート（LED工事用）'!D30) | D5: =IF('入力シート（LED工事用）'!D30="","","台") | E5: =IF('入力シート（LED工事用）'!G30="","",'入力シート（LED工事用）'!G30) | F5: =IF('入力シート（LED工事用）'!H30="","",'入力シート（LED工事用）'!H30)
A6: =IF('入力シート（LED工事用）'!B31="","",'入力シート（LED工事用）'!B31) | B6: =IF('入力シート（LED工事用）'!C31="","",'入力シート（LED工事用）'!C31) | C6: =IF('入力シート（LED工事用）'!D31="","",'入力シート（LED工事用）'!D31) | D6: =IF('入力シート（LED工事用）'!D31="","","台") | E6: =IF('入力シート（LED工事用）'!G31="","",'入力シート（LED工事用）'!G31) | F6: =IF('入力シート（LED工事用）'!H31="","",'入力シート（LED工事用）'!H31)
A7: =IF('入力シート（LED工事用）'!B32="","",'入力シート（LED工事用）'!B32) | B7: =IF('入力シート（LED工事用）'!C32="","",'入力シート（LED工事用）'!C32) | C7: =IF('入力シート（LED工事用）'!D32="","",'入力シート（LED工事用）'!D32) | D7: =IF('入力シート（LED工事用）'!D32="","","台") | E7: =IF('入力シート（LED工事用）'!G32="","",'入力シート（LED工事用）'!G32) | F7: =IF('入力シート（LED工事用）'!H32="","",'入力シート（LED工事用）'!H32)
A8: =IF('入力シート（LED工事用）'!B33="","",'入力シート（LED工事用）'!B33) | B8: =IF('入力シート（LED工事用）'!C33="","",'入力シート（LED工事用）'!C33) | C8: =IF('入力シート（LED工事用）'!D33="","",'入力シート（LED工事用）'!D33) | D8: =IF('入力シート（LED工事用）'!D33="","","台") | E8: =IF('入力シート（LED工事用）'!G33="","",'入力シート（LED工事用）'!G33) | F8: =IF('入力シート（LED工事用）'!H33="","",'入力シート（LED工事用）'!H33)
A9: =IF('入力シート（LED工事用）'!B34="","",'入力シート（LED工事用）'!B34) | B9: =IF('入力シート（LED工事用）'!C34="","",'入力シート（LED工事用）'!C34) | C9: =IF('入力シート（LED工事用）'!D34="","",'入力シート（LED工事用）'!D34) | D9: =IF('入力シート（LED工事用）'!D34="","","台") | E9: =IF('入力シート（LED工事用）'!G34="","",'入力シート（LED工事用）'!G34) | F9: =IF('入力シート（LED工事用）'!H34="","",'入力シート（LED工事用）'!H34)
A10: =IF('入力シート（LED工事用）'!B35="","",'入力シート（LED工事用）'!B35) | B10: =IF('入力シート（LED工事用）'!C35="","",'入力シート（LED工事用）'!C35) | C10: =IF('入力シート（LED工事用）'!D35="","",'入力シート（LED工事用）'!D35) | D10: =IF('入力シート（LED工事用）'!D35="","","台") | E10: =IF('入力シート（LED工事用）'!G35="","",'入力シート（LED工事用）'!G35) | F10: =IF('入力シート（LED工事用）'!H35="","",'入力シート（LED工事用）'!H35)
A11: =IF('入力シート（LED工事用）'!B36="","",'入力シート（LED工事用）'!B36) | B11: =IF('入力シート（LED工事用）'!C36="","",'入力シート（LED工事用）'!C36) | C11: =IF('入力シート（LED工事用）'!D36="","",'入力シート（LED工事用）'!D36) | D11: =IF('入力シート（LED工事用）'!D36="","","台") | E11: =IF('入力シート（LED工事用）'!G36="","",'入力シート（LED工事用）'!G36) | F11: =IF('入力シート（LED工事用）'!H36="","",'入力シート（LED工事用）'!H36)
A12: =IF('入力シート（LED工事用）'!B37="","",'入力シート（LED工事用）'!B37) | B12: =IF('入力シート（LED工事用）'!C37="","",'入力シート（LED工事用）'!C37) | C12: =IF('入力シート（LED工事用）'!D37="","",'入力シート（LED工事用）'!D37) | D12: =IF('入力シート（LED工事用）'!D37="","","台") | E12: =IF('入力シート（LED工事用）'!G37="","",'入力シート（LED工事用）'!G37) | F12: =IF('入力シート（LED工事用）'!H37="","",'入力シート（LED工事用）'!H37)
A13: =IF('入力シート（LED工事用）'!B38="","",'入力シート（LED工事用）'!B38) | B13: =IF('入力シート（LED工事用）'!C38="","",'入力シート（LED工事用）'!C38) | C13: =IF('入力シート（LED工事用）'!D38="","",'入力シート（LED工事用）'!D38) | D13: =IF('入力シート（LED工事用）'!D38="","","台") | E13: =IF('入力シート（LED工事用）'!G38="","",'入力シート（LED工事用）'!G38) | F13: =IF('入力シート（LED工事用）'!H38="","",'入力シート（LED工事用）'!H38)
A14: =IF('入力シート（LED工事用）'!B39="","",'入力シート（LED工事用）'!B39) | B14: =IF('入力シート（LED工事用）'!C39="","",'入力シート（LED工事用）'!C39) | C14: =IF('入力シート（LED工事用）'!D39="","",'入力シート（LED工事用）'!D39) | D14: =IF('入力シート（LED工事用）'!D39="","","台") | E14: =IF('入力シート（LED工事用）'!G39="","",'入力シート（LED工事用）'!G39) | F14: =IF('入力シート（LED工事用）'!H39="","",'入力シート（LED工事用）'!H39)
A15: =IF('入力シート（LED工事用）'!B40="","",'入力シート（LED工事用）'!B40) | B15: =IF('入力シート（LED工事用）'!C40="","",'入力シート（LED工事用）'!C40) | C15: =IF('入力シート（LED工事用）'!D40="","",'入力シート（LED工事用）'!D40) | D15: =IF('入力シート（LED工事用）'!D40="","","台") | E15: =IF('入力シート（LED工事用）'!G40="","",'入力シート（LED工事用）'!G40) | F15: =IF('入力シート（LED工事用）'!H40="","",'入力シート（LED工事用）'!H40)
A16: =IF('入力シート（LED工事用）'!B41="","",'入力シート（LED工事用）'!B41) | B16: =IF('入力シート（LED工事用）'!C41="","",'入力シート（LED工事用）'!C41) | C16: =IF('入力シート（LED工事用）'!D41="","",'入力シート（LED工事用）'!D41) | D16: =IF('入力シート（LED工事用）'!D41="","","台") | E16: =IF('入力シート（LED工事用）'!G41="","",'入力シート（LED工事用）'!G41) | F16: =IF('入力シート（LED工事用）'!H41="","",'入力シート（LED工事用）'!H41)
... A19: =IF('入力シート（LED工事用）'!B44="","",'入力シート（LED工事用）'!B44) | B19: =IF('入力シート（LED工事用）'!C44="","",'入力シート（LED工事用）'!C44) | C19: =IF('入力シート（LED工事用）'!D44="","",'入力シート（LED工事用）'!D44) | D19: =IF('入力シート（LED工事用）'!D44="","","台") | E19: =IF('入力シート（LED工事用）'!G44="","",'入力シート（LED工事用）'!G44) | F19: =IF('入力シート（LED工事用）'!H44="","",'入力シート（LED工事用）'!H44)
A20: 小 計 | C20: =SUM(C5:C19) -> 0 | F20: =SUM(F5:F19) -> 0

Sheet ①材料費　内訳(3)
G1: 46224
A2: 材料費明細（3/8）
A3: 名 称 | B3: 規 格 | C3: 数 量 | E3: 単 価 | F3: 金 額 | G3: 備 考
A4: 1 材料費
A5: =IF('入力シート（LED工事用）'!B45="","",'入力シート（LED工事用）'!B45) | B5: =IF('入力シート（LED工事用）'!C45="","",'入力シート（LED工事用）'!C45) | C5: =IF('入力シート（LED工事用）'!D45="","",'入力シート（LED工事用）'!D45) | D5: =IF('入力シート（LED工事用）'!D45="","","台") | E5: =IF('入力シート（LED工事用）'!G45="","",'入力シート（LED工事用）'!G45) | F5: =IF('入力シート（LED工事用）'!H45="","",'入力シート（LED工事用）'!H45)
A6: =IF('入力シート（LED工事用）'!B46="","",'入力シート（LED工事用）'!B46) | B6: =IF('入力シート（LED工事用）'!C46="","",'入力シート（LED工事用）'!C46) | C6: =IF('入力シート（LED工事用）'!D46="","",'入力シート（LED工事用）'!D46) | D6: =IF('入力シート（LED工事用）'!D46="","","台") | E6: =IF('入力シート（LED工事用）'!G46="","",'入力シート（LED工事用）'!G46) | F6: =IF('入力シート（LED工事用）'!H46="","",'入力シート（LED工事用）'!H46)
A7: =IF('入力シート（LED工事用）'!B47="","",'入力シート（LED工事用）'!B47) | B7: =IF('入力シート（LED工事用）'!C47="","",'入力シート（LED工事用）'!C47) | C7: =IF('入力シート（LED工事用）'!D47="","",'入力シート（LED工事用）'!D47) | D7: =IF('入力シート（LED工事用）'!D47="","","台") | E7: =IF('入力シート（LED工事用）'!G47="","",'入力シート（LED工事用）'!G47) | F7: =IF('入力シート（LED工事用）'!H47="","",'入力シート（LED工事用）'!H47)
A8: =IF('入力シート（LED工事用）'!B48="","",'入力シート（LED工事用）'!B48) | B8: =IF('入力シート（LED工事用）'!C48="","",'入力シート（LED工事用）'!C48) | C8: =IF('入力シート（LED工事用）'!D48="","",'入力シート（LED工事用）'!D48) | D8: =IF('入力シート（LED工事用）'!D48="","","台") | E8: =IF('入力シート（LED工事用）'!G48="","",'入力シート（LED工事用）'!G48) | F8: =IF('入力シート（LED工事用）'!H48="","",'入力シート（LED工事用）'!H48)
A9: =IF('入力シート（LED工事用）'!B49="","",'入力シート（LED工事用）'!B49) | B9: =IF('入力シート（LED工事用）'!C49="","",'入力シート（LED工事用）'!C49) | C9: =IF('入力シート（LED工事用）'!D49="","",'入力シート（LED工事用）'!D49) | D9: =IF('入力シート（LED工事用）'!D49="","","台") | E9: =IF('入力シート（LED工事用）'!G49="","",'入力シート（LED工事用）'!G49) | F9: =IF('入力シート（LED工事用）'!H49="","",'入力シート（LED工事用）'!H49)
A10: =IF('入力シート（LED工事用）'!B50="","",'入力シート（LED工事用）'!B50) | B10: =IF('入力シート（LED工事用）'!C50="","",'入力シート（LED工事用）'!C50) | C10: =IF('入力シート（LED工事用）'!D50="","",'入力シート（LED工事用）'!D50) | D10: =IF('入力シート（LED工事用）'!D50="","","台") | E10: =IF('入力シート（LED工事用）'!G50="","",'入力シート（LED工事用）'!G50) | F10: =IF('入力シート（LED工事用）'!H50="","",'入力シート（LED工事用）'!H50)
A11: =IF('入力シート（LED工事用）'!B51="","",'入力シート（LED工事用）'!B51) | B11: =IF('入力シート（LED工事用）'!C51="","",'入力シート（LED工事用）'!C51) | C11: =IF('入力シート（LED工事用）'!D51="","",'入力シート（LED工事用）'!D51) | D11: =IF('入力シート（LED工事用）'!D51="","","台") | E11: =IF('入力シート（LED工事用）'!G51="","",'入力シート（LED工事用）'!G51) | F11: =IF('入力シート（LED工事用）'!H51="","",'入力シート（LED工事用）'!H51)
A12: =IF('入力シート（LED工事用）'!B52="","",'入力シート（LED工事用）'!B52) | B12: =IF('入力シート（LED工事用）'!C52="","",'入力シート（LED工事用）'!C52) | C12: =IF('入力シート（LED工事用）'!D52="","",'入力シート（LED工事用）'!D52) | D12: =IF('入力シート（LED工事用）'!D52="","","台") | E12: =IF('入力シート（LED工事用）'!G52="","",'入力シート（LED工事用）'!G52) | F12: =IF('入力シート（LED工事用）'!H52="","",'入力シート（LED工事用）'!H52)
A13: =IF('入力シート（LED工事用）'!B53="","",'入力シート（LED工事用）'!B53) | B13: =IF('入力シート（LED工事用）'!C53="","",'入力シート（LED工事用）'!C53) | C13: =IF('入力シート（LED工事用）'!D53="","",'入力シート（LED工事用）'!D53) | D13: =IF('入力シート（LED工事用）'!D53="","","台") | E13: =IF('入力シート（LED工事用）'!G53="","",'入力シート（LED工事用）'!G53) | F13: =IF('入力シート（LED工事用）'!H53="","",'入力シート（LED工事用）'!H53)
A14: =IF('入力シート（LED工事用）'!B54="","",'入力シート（LED工事用）'!B54) | B14: =IF('入力シート（LED工事用）'!C54="","",'入力シート（LED工事用）'!C54) | C14: =IF('入力シート（LED工事用）'!D54="","",'入力シート（LED工事用）'!D54) | D14: =IF('入力シート（LED工事用）'!D54="","","台") | E14: =IF('入力シート（LED工事用）'!G54="","",'入力シート（LED工事用）'!G54) | F14: =IF('入力シート（LED工事用）'!H54="","",'入力シート（LED工事用）'!H54)
A15: =IF('入力シート（LED工事用）'!B55="","",'入力シート（LED工事用）'!B55) | B15: =IF('入力シート（LED工事用）'!C55="","",'入力シート（LED工事用）'!C55) | C15: =IF('入力シート（LED工事用）'!D55="","",'入力シート（LED工事用）'!D55) | D15: =IF('入力シート（LED工事用）'!D55="","","台") | E15: =IF('入力シート（LED工事用）'!G55="","",'入力シート（LED工事用）'!G55) | F15: =IF('入力シート（LED工事用）'!H55="","",'入力シート（LED工事用）'!H55)
A16: =IF('入力シート（LED工事用）'!B56="","",'入力シート（LED工事用）'!B56) | B16: =IF('入力シート（LED工事用）'!C56="","",'入力シート（LED工事用）'!C56) | C16: =IF('入力シート（LED工事用）'!D56="","",'入力シート（LED工事用）'!D56) | D16: =IF('入力シート（LED工事用）'!D56="","","台") | E16: =IF('入力シート（LED工事用）'!G56="","",'入力シート（LED工事用）'!G56) | F16: =IF('入力シート（LED工事用）'!H56="","",'入力シート（LED工事用）'!H56)
... A19: =IF('入力シート（LED工事用）'!B59="","",'入力シート（LED工事用）'!B59) | B19: =IF('入力シート（LED工事用）'!C59="","",'入力シート（LED工事用）'!C59) | C19: =IF('入力シート（LED工事用）'!D59="","",'入力シート（LED工事用）'!D59) | D19: =IF('入力シート（LED工事用）'!D59="","","台") | E19: =IF('入力シート（LED工事用）'!G59="","",'入力シート（LED工事用）'!G59) | F19: =IF('入力シート（LED工事用）'!H59="","",'入力シート（LED工事用）'!H59)
A20: 小 計 | C20: =SUM(C5:C19) -> 0 | F20: =SUM(F5:F19) -> 0

Sheet ①材料費　内訳(4)
G1: 46224
A2: 材料費明細（4/8）
A3: 名 称 | B3: 規 格 | C3: 数 量 | E3: 単 価 | F3: 金 額 | G3: 備 考
A4: 1 材料費
A5: =IF('入力シート（LED工事用）'!B60="","",'入力シート（LED工事用）'!B60) | B5: =IF('入力シート（LED工事用）'!C60="","",'入力シート（LED工事用）'!C60) | C5: =IF('入力シート（LED工事用）'!D60="","",'入力シート（LED工事用）'!D60) | D5: =IF('入力シート（LED工事用）'!D60="","","台") | E5: =IF('入力シート（LED工事用）'!G60="","",'入力シート（LED工事用）'!G60) | F5: =IF('入力シート（LED工事用）'!H60="","",'入力シート（LED工事用）'!H60)
A6: =IF('入力シート（LED工事用）'!B61="","",'入力シート（LED工事用）'!B61) | B6: =IF('入力シート（LED工事用）'!C61="","",'入力シート（LED工事用）'!C61) | C6: =IF('入力シート（LED工事用）'!D61="","",'入力シート（LED工事用）'!D61) | D6: =IF('入力シート（LED工事用）'!D61="","","台") | E6: =IF('入力シート（LED工事用）'!G61="","",'入力シート（LED工事用）'!G61) | F6: =IF('入力シート（LED工事用）'!H61="","",'入力シート（LED工事用）'!H61)
A7: =IF('入力シート（LED工事用）'!B62="","",'入力シート（LED工事用）'!B62) | B7: =IF('入力シート（LED工事用）'!C62="","",'入力シート（LED工事用）'!C62) | C7: =IF('入力シート（LED工事用）'!D62="","",'入力シート（LED工事用）'!D62) | D7: =IF('入力シート（LED工事用）'!D62="","","台") | E7: =IF('入力シート（LED工事用）'!G62="","",'入力シート（LED工事用）'!G62) | F7: =IF('入力シート（LED工事用）'!H62="","",'入力シート（LED工事用）'!H62)
A8: =IF('入力シート（LED工事用）'!B63="","",'入力シート（LED工事用）'!B63) | B8: =IF('入力シート（LED工事用）'!C63="","",'入力シート（LED工事用）'!C63) | C8: =IF('入力シート（LED工事用）'!D63="","",'入力シート（LED工事用）'!D63) | D8: =IF('入力シート（LED工事用）'!D63="","","台") | E8: =IF('入力シート（LED工事用）'!G63="","",'入力シート（LED工事用）'!G63) | F8: =IF('入力シート（LED工事用）'!H63="","",'入力シート（LED工事用）'!H63)
A9: =IF('入力シート（LED工事用）'!B64="","",'入力シート（LED工事用）'!B64) | B9: =IF('入力シート（LED工事用）'!C64="","",'入力シート（LED工事用）'!C64) | C9: =IF('入力シート（LED工事用）'!D64="","",'入力シート（LED工事用）'!D64) | D9: =IF('入力シート（LED工事用）'!D64="","","台") | E9: =IF('入力シート（LED工事用）'!G64="","",'入力シート（LED工事用）'!G64) | F9: =IF('入力シート（LED工事用）'!H64="","",'入力シート（LED工事用）'!H64)
A10: =IF('入力シート（LED工事用）'!B65="","",'入力シート（LED工事用）'!B65) | B10: =IF('入力シート（LED工事用）'!C65="","",'入力シート（LED工事用）'!C65) | C10: =IF('入力シート（LED工事用）'!D65="","",'入力シート（LED工事用）'!D65) | D10: =IF('入力シート（LED工事用）'!D65="","","台") | E10: =IF('入力シート（LED工事用）'!G65="","",'入力シート（LED工事用）'!G65) | F10: =IF('入力シート（LED工事用）'!H65="","",'入力シート（LED工事用）'!H65)
A11: =IF('入力シート（LED工事用）'!B66="","",'入力シート（LED工事用）'!B66) | B11: =IF('入力シート（LED工事用）'!C66="","",'入力シート（LED工事用）'!C66) | C11: =IF('入力シート（LED工事用）'!D66="","",'入力シート（LED工事用）'!D66) | D11: =IF('入力シート（LED工事用）'!D66="","","台") | E11: =IF('入力シート（LED工事用）'!G66="","",'入力シート（LED工事用）'!G66) | F11: =IF('入力シート（LED工事用）'!H66="","",'入力シート（LED工事用）'!H66)
A12: =IF('入力シート（LED工事用）'!B67="","",'入力シート（LED工事用）'!B67) | B12: =IF('入力シート（LED工事用）'!C67="","",'入力シート（LED工事用）'!C67) | C12: =IF('入力シート（LED工事用）'!D67="","",'入力シート（LED工事用）'!D67) | D12: =IF('入力シート（LED工事用）'!D67="","","台") | E12: =IF('入力シート（LED工事用）'!G67="","",'入力シート（LED工事用）'!G67) | F12: =IF('入力シート（LED工事用）'!H67="","",'入力シート（LED工事用）'!H67)
A13: =IF('入力シート（LED工事用）'!B68="","",'入力シート（LED工事用）'!B68) | B13: =IF('入力シート（LED工事用）'!C68="","",'入力シート（LED工事用）'!C68) | C13: =IF('入力シート（LED工事用）'!D68="","",'入力シート（LED工事用）'!D68) | D13: =IF('入力シート（LED工事用）'!D68="","","台") | E13: =IF('入力シート（LED工事用）'!G68="","",'入力シート（LED工事用）'!G68) | F13: =IF('入力シート（LED工事用）'!H68="","",'入力シート（LED工事用）'!H68)
A14: =IF('入力シート（LED工事用）'!B69="","",'入力シート（LED工事用）'!B69) | B14: =IF('入力シート（LED工事用）'!C69="","",'入力シート（LED工事用）'!C69) | C14: =IF('入力シート（LED工事用）'!D69="","",'入力シート（LED工事用）'!D69) | D14: =IF('入力シート（LED工事用）'!D69="","","台") | E14: =IF('入力シート（LED工事用）'!G69="","",'入力シート（LED工事用）'!G69) | F14: =IF('入力シート（LED工事用）'!H69="","",'入力シート（LED工事用）'!H69)
A15: =IF('入力シート（LED工事用）'!B70="","",'入力シート（LED工事用）'!B70) | B15: =IF('入力シート（LED工事用）'!C70="","",'入力シート（LED工事用）'!C70) | C15: =IF('入力シート（LED工事用）'!D70="","",'入力シート（LED工事用）'!D70) | D15: =IF('入力シート（LED工事用）'!D70="","","台") | E15: =IF('入力シート（LED工事用）'!G70="","",'入力シート（LED工事用）'!G70) | F15: =IF('入力シート（LED工事用）'!H70="","",'入力シート（LED工事用）'!H70)
A16: =IF('入力シート（LED工事用）'!B71="","",'入力シート（LED工事用）'!B71) | B16: =IF('入力シート（LED工事用）'!C71="","",'入力シート（LED工事用）'!C71) | C16: =IF('入力シート（LED工事用）'!D71="","",'入力シート（LED工事用）'!D71) | D16: =IF('入力シート（LED工事用）'!D71="","","台") | E16: =IF('入力シート（LED工事用）'!G71="","",'入力シート（LED工事用）'!G71) | F16: =IF('入力シート（LED工事用）'!H71="","",'入力シート（LED工事用）'!H71)
... A19: =IF('入力シート（LED工事用）'!B74="","",'入力シート（LED工事用）'!B74) | B19: =IF('入力シート（LED工事用）'!C74="","",'入力シート（LED工事用）'!C74) | C19: =IF('入力シート（LED工事用）'!D74="","",'入力シート（LED工事用）'!D74) | D19: =IF('入力シート（LED工事用）'!D74="","","台") | E19: =IF('入力シート（LED工事用）'!G74="","",'入力シート（LED工事用）'!G74) | F19: =IF('入力シート（LED工事用）'!H74="","",'入力シート（LED工事用）'!H74)
A20: 小 計 | C20: =SUM(C5:C19) -> 0 | F20: =SUM(F5:F19) -> 0

Sheet ①材料費　内訳(5)
G1: 46224
A2: 材料費明細（5/8）
A3: 名 称 | B3: 規 格 | C3: 数 量 | E3: 単 価 | F3: 金 額 | G3: 備 考
A4: 1 材料費
A5: =IF('入力シート（LED工事用）'!B75="","",'入力シート（LED工事用）'!B75) | B5: =IF('入力シート（LED工事用）'!C75="","",'入力シート（LED工事用）'!C75) | C5: =IF('入力シート（LED工事用）'!D75="","",'入力シート（LED工事用）'!D75) | D5: =IF('入力シート（LED工事用）'!D75="","","台") | E5: =IF('入力シート（LED工事用）'!G75="","",'入力シート（LED工事用）'!G75) | F5: =IF('入力シート（LED工事用）'!H75="","",'入力シート（LED工事用）'!H75)
A6: =IF('入力シート（LED工事用）'!B76="","",'入力シート（LED工事用）'!B76) | B6: =IF('入力シート（LED工事用）'!C76="","",'入力シート（LED工事用）'!C76) | C6: =IF('入力シート（LED工事用）'!D76="","",'入力シート（LED工事用）'!D76) | D6: =IF('入力シート（LED工事用）'!D76="","","台") | E6: =IF('入力シート（LED工事用）'!G76="","",'入力シート（LED工事用）'!G76) | F6: =IF('入力シート（LED工事用）'!H76="","",'入力シート（LED工事用）'!H76)
A7: =IF('入力シート（LED工事用）'!B77="","",'入力シート（LED工事用）'!B77) | B7: =IF('入力シート（LED工事用）'!C77="","",'入力シート（LED工事用）'!C77) | C7: =IF('入力シート（LED工事用）'!D77="","",'入力シート（LED工事用）'!D77) | D7: =IF('入力シート（LED工事用）'!D77="","","台") | E7: =IF('入力シート（LED工事用）'!G77="","",'入力シート（LED工事用）'!G77) | F7: =IF('入力シート（LED工事用）'!H77="","",'入力シート（LED工事用）'!H77)
A8: =IF('入力シート（LED工事用）'!B78="","",'入力シート（LED工事用）'!B78) | B8: =IF('入力シート（LED工事用）'!C78="","",'入力シート（LED工事用）'!C78) | C8: =IF('入力シート（LED工事用）'!D78="","",'入力シート（LED工事用）'!D78) | D8: =IF('入力シート（LED工事用）'!D78="","","台") | E8: =IF('入力シート（LED工事用）'!G78="","",'入力シート（LED工事用）'!G78) | F8: =IF('入力シート（LED工事用）'!H78="","",'入力シート（LED工事用）'!H78)
A9: =IF('入力シート（LED工事用）'!B79="","",'入力シート（LED工事用）'!B79) | B9: =IF('入力シート（LED工事用）'!C79="","",'入力シート（LED工事用）'!C79) | C9: =IF('入力シート（LED工事用）'!D79="","",'入力シート（LED工事用）'!D79) | D9: =IF('入力シート（LED工事用）'!D79="","","台") | E9: =IF('入力シート（LED工事用）'!G79="","",'入力シート（LED工事用）'!G79) | F9: =IF('入力シート（LED工事用）'!H79="","",'入力シート（LED工事用）'!H79)
A10: =IF('入力シート（LED工事用）'!B80="","",'入力シート（LED工事用）'!B80) | B10: =IF('入力シート（LED工事用）'!C80="","",'入力シート（LED工事用）'!C80) | C10: =IF('入力シート（LED工事用）'!D80="","",'入力シート（LED工事用）'!D80) | D10: =IF('入力シート（LED工事用）'!D80="","","台") | E10: =IF('入力シート（LED工事用）'!G80="","",'入力シート（LED工事用）'!G80) | F10: =IF('入力シート（LED工事用）'!H80="","",'入力シート（LED工事用）'!H80)
A11: =IF('入力シート（LED工事用）'!B81="","",'入力シート（LED工事用）'!B81) | B11: =IF('入力シート（LED工事用）'!C81="","",'入力シート（LED工事用）'!C81) | C11: =IF('入力シート（LED工事用）'!D81="","",'入力シート（LED工事用）'!D81) | D11: =IF('入力シート（LED工事用）'!D81="","","台") | E11: =IF('入力シート（LED工事用）'!G81="","",'入力シート（LED工事用）'!G81) | F11: =IF('入力シート（LED工事用）'!H81="","",'入力シート（LED工事用）'!H81)
A12: =IF('入力シート（LED工事用）'!B82="","",'入力シート（LED工事用）'!B82) | B12: =IF('入力シート（LED工事用）'!C82="","",'入力シート（LED工事用）'!C82) | C12: =IF('入力シート（LED工事用）'!D82="","",'入力シート（LED工事用）'!D82) | D12: =IF('入力シート（LED工事用）'!D82="","","台") | E12: =IF('入力シート（LED工事用）'!G82="","",'入力シート（LED工事用）'!G82) | F12: =IF('入力シート（LED工事用）'!H82="","",'入力シート（LED工事用）'!H82)
A13: =IF('入力シート（LED工事用）'!B83="","",'入力シート（LED工事用）'!B83) | B13: =IF('入力シート（LED工事用）'!C83="","",'入力シート（LED工事用）'!C83) | C13: =IF('入力シート（LED工事用）'!D83="","",'入力シート（LED工事用）'!D83) | D13: =IF('入力シート（LED工事用）'!D83="","","台") | E13: =IF('入力シート（LED工事用）'!G83="","",'入力シート（LED工事用）'!G83) | F13: =IF('入力シート（LED工事用）'!H83="","",'入力シート（LED工事用）'!H83)
A14: =IF('入力シート（LED工事用）'!B84="","",'入力シート（LED工事用）'!B84) | B14: =IF('入力シート（LED工事用）'!C84="","",'入力シート（LED工事用）'!C84) | C14: =IF('入力シート（LED工事用）'!D84="","",'入力シート（LED工事用）'!D84) | D14: =IF('入力シート（LED工事用）'!D84="","","台") | E14: =IF('入力シート（LED工事用）'!G84="","",'入力シート（LED工事用）'!G84) | F14: =IF('入力シート（LED工事用）'!H84="","",'入力シート（LED工事用）'!H84)
A15: =IF('入力シート（LED工事用）'!B85="","",'入力シート（LED工事用）'!B85) | B15: =IF('入力シート（LED工事用）'!C85="","",'入力シート（LED工事用）'!C85) | C15: =IF('入力シート（LED工事用）'!D85="","",'入力シート（LED工事用）'!D85) | D15: =IF('入力シート（LED工事用）'!D85="","","台") | E15: =IF('入力シート（LED工事用）'!G85="","",'入力シート（LED工事用）'!G85) | F15: =IF('入力シート（LED工事用）'!H85="","",'入力シート（LED工事用）'!H85)
A16: =IF('入力シート（LED工事用）'!B86="","",'入力シート（LED工事用）'!B86) | B16: =IF('入力シート（LED工事用）'!C86="","",'入力シート（LED工事用）'!C86) | C16: =IF('入力シート（LED工事用）'!D86="","",'入力シート（LED工事用）'!D86) | D16: =IF('入力シート（LED工事用）'!D86="","","台") | E16: =IF('入力シート（LED工事用）'!G86="","",'入力シート（LED工事用）'!G86) | F16: =IF('入力シート（LED工事用）'!H86="","",'入力シート（LED工事用）'!H86)
... A19: =IF('入力シート（LED工事用）'!B89="","",'入力シート（LED工事用）'!B89) | B19: =IF('入力シート（LED工事用）'!C89="","",'入力シート（LED工事用）'!C89) | C19: =IF('入力シート（LED工事用）'!D89="","",'入力シート（LED工事用）'!D89) | D19: =IF('入力シート（LED工事用）'!D89="","","台") | E19: =IF('入力シート（LED工事用）'!G89="","",'入力シート（LED工事用）'!G89) | F19: =IF('入力シート（LED工事用）'!H89="","",'入力シート（LED工事用）'!H89)
A20: 小 計 | C20: =SUM(C5:C19) -> 0 | F20: =SUM(F5:F19) -> 0

Sheet ①材料費　内訳(6)
G1: 46224
A2: 材料費明細（6/8）
A3: 名 称 | B3: 規 格 | C3: 数 量 | E3: 単 価 | F3: 金 額 | G3: 備 考
A4: 1 材料費
A5: =IF('入力シート（LED工事用）'!B90="","",'入力シート（LED工事用）'!B90) | B5: =IF('入力シート（LED工事用）'!C90="","",'入力シート（LED工事用）'!C90) | C5: =IF('入力シート（LED工事用）'!D90="","",'入力シート（LED工事用）'!D90) | D5: =IF('入力シート（LED工事用）'!D90="","","台") | E5: =IF('入力シート（LED工事用）'!G90="","",'入力シート（LED工事用）'!G90) | F5: =IF('入力シート（LED工事用）'!H90="","",'入力シート（LED工事用）'!H90)
A6: =IF('入力シート（LED工事用）'!B91="","",'入力シート（LED工事用）'!B91) | B6: =IF('入力シート（LED工事用）'!C91="","",'入力シート（LED工事用）'!C91) | C6: =IF('入力シート（LED工事用）'!D91="","",'入力シート（LED工事用）'!D91) | D6: =IF('入力シート（LED工事用）'!D91="","","台") | E6: =IF('入力シート（LED工事用）'!G91="","",'入力シート（LED工事用）'!G91) | F6: =IF('入力シート（LED工事用）'!H91="","",'入力シート（LED工事用）'!H91)
A7: =IF('入力シート（LED工事用）'!B92="","",'入力シート（LED工事用）'!B92) | B7: =IF('入力シート（LED工事用）'!C92="","",'入力シート（LED工事用）'!C92) | C7: =IF('入力シート（LED工事用）'!D92="","",'入力シート（LED工事用）'!D92) | D7: =IF('入力シート（LED工事用）'!D92="","","台") | E7: =IF('入力シート（LED工事用）'!G92="","",'入力シート（LED工事用）'!G92) | F7: =IF('入力シート（LED工事用）'!H92="","",'入力シート（LED工事用）'!H92)
A8: =IF('入力シート（LED工事用）'!B93="","",'入力シート（LED工事用）'!B93) | B8: =IF('入力シート（LED工事用）'!C93="","",'入力シート（LED工事用）'!C93) | C8: =IF('入力シート（LED工事用）'!D93="","",'入力シート（LED工事用）'!D93) | D8: =IF('入力シート（LED工事用）'!D93="","","台") | E8: =IF('入力シート（LED工事用）'!G93="","",'入力シート（LED工事用）'!G93) | F8: =IF('入力シート（LED工事用）'!H93="","",'入力シート（LED工事用）'!H93)
A9: =IF('入力シート（LED工事用）'!B94="","",'入力シート（LED工事用）'!B94) | B9: =IF('入力シート（LED工事用）'!C94="","",'入力シート（LED工事用）'!C94) | C9: =IF('入力シート（LED工事用）'!D94="","",'入力シート（LED工事用）'!D94) | D9: =IF('入力シート（LED工事用）'!D94="","","台") | E9: =IF('入力シート（LED工事用）'!G94="","",'入力シート（LED工事用）'!G94) | F9: =IF('入力シート（LED工事用）'!H94="","",'入力シート（LED工事用）'!H94)
A10: =IF('入力シート（LED工事用）'!B95="","",'入力シート（LED工事用）'!B95) | B10: =IF('入力シート（LED工事用）'!C95="","",'入力シート（LED工事用）'!C95) | C10: =IF('入力シート（LED工事用）'!D95="","",'入力シート（LED工事用）'!D95) | D10: =IF('入力シート（LED工事用）'!D95="","","台") | E10: =IF('入力シート（LED工事用）'!G95="","",'入力シート（LED工事用）'!G95) | F10: =IF('入力シート（LED工事用）'!H95="","",'入力シート（LED工事用）'!H95)
A11: =IF('入力シート（LED工事用）'!B96="","",'入力シート（LED工事用）'!B96) | B11: =IF('入力シート（LED工事用）'!C96="","",'入力シート（LED工事用）'!C96) | C11: =IF('入力シート（LED工事用）'!D96="","",'入力シート（LED工事用）'!D96) | D11: =IF('入力シート（LED工事用）'!D96="","","台") | E11: =IF('入力シート（LED工事用）'!G96="","",'入力シート（LED工事用）'!G96) | F11: =IF('入力シート（LED工事用）'!H96="","",'入力シート（LED工事用）'!H96)
A12: =IF('入力シート（LED工事用）'!B97="","",'入力シート（LED工事用）'!B97) | B12: =IF('入力シート（LED工事用）'!C97="","",'入力シート（LED工事用）'!C97) | C12: =IF('入力シート（LED工事用）'!D97="","",'入力シート（LED工事用）'!D97) | D12: =IF('入力シート（LED工事用）'!D97="","","台") | E12: =IF('入力シート（LED工事用）'!G97="","",'入力シート（LED工事用）'!G97) | F12: =IF('入力シート（LED工事用）'!H97="","",'入力シート（LED工事用）'!H97)
A13: =IF('入力シート（LED工事用）'!B98="","",'入力シート（LED工事用）'!B98) | B13: =IF('入力シート（LED工事用）'!C98="","",'入力シート（LED工事用）'!C98) | C13: =IF('入力シート（LED工事用）'!D98="","",'入力シート（LED工事用）'!D98) | D13: =IF('入力シート（LED工事用）'!D98="","","台") | E13: =IF('入力シート（LED工事用）'!G98="","",'入力シート（LED工事用）'!G98) | F13: =IF('入力シート（LED工事用）'!H98="","",'入力シート（LED工事用）'!H98)
A14: =IF('入力シート（LED工事用）'!B99="","",'入力シート（LED工事用）'!B99) | B14: =IF('入力シート（LED工事用）'!C99="","",'入力シート（LED工事用）'!C99) | C14: =IF('入力シート（LED工事用）'!D99="","",'入力シート（LED工事用）'!D99) | D14: =IF('入力シート（LED工事用）'!D99="","","台") | E14: =IF('入力シート（LED工事用）'!G99="","",'入力シート（LED工事用）'!G99) | F14: =IF('入力シート（LED工事用）'!H99="","",'入力シート（LED工事用）'!H99)
A15: =IF('入力シート（LED工事用）'!B100="","",'入力シート（LED工事用）'!B100) | B15: =IF('入力シート（LED工事用）'!C100="","",'入力シート（LED工事用）'!C100) | C15: =IF('入力シート（LED工事用）'!D100="","",'入力シート（LED工事用）'!D100) | D15: =IF('入力シート（LED工事用）'!D100="","","台") | E15: =IF('入力シート（LED工事用）'!G100="","",'入力シート（LED工事用）'!G100) | F15: =IF('入力シート（LED工事用）'!H100="","",'入力シート（LED工事用）'!H100)
A16: =IF('入力シート（LED工事用）'!B101="","",'入力シート（LED工事用）'!B101) | B16: =IF('入力シート（LED工事用）'!C101="","",'入力シート（LED工事用）'!C101) | C16: =IF('入力シート（LED工事用）'!D101="","",'入力シート（LED工事用）'!D101) | D16: =IF('入力シート（LED工事用）'!D101="","","台") | E16: =IF('入力シート（LED工事用）'!G101="","",'入力シート（LED工事用）'!G101) | F16: =IF('入力シート（LED工事用）'!H101="","",'入力シート（LED工事用）'!H101)
... A19: =IF('入力シート（LED工事用）'!B104="","",'入力シート（LED工事用）'!B104) | B19: =IF('入力シート（LED工事用）'!C104="","",'入力シート（LED工事用）'!C104) | C19: =IF('入力シート（LED工事用）'!D104="","",'入力シート（LED工事用）'!D104) | D19: =IF('入力シート（LED工事用）'!D104="","","台") | E19: =IF('入力シート（LED工事用）'!G104="","",'入力シート（LED工事用）'!G104) | F19: =IF('入力シート（LED工事用）'!H104="","",'入力シート（LED工事用）'!H104)
A20: 小 計 | C20: =SUM(C5:C19) -> 0 | F20: =SUM(F5:F19) -> 0

Sheet ①材料費　内訳(7)
G1: 46224
A2: 材料費明細（7/8）
A3: 名 称 | B3: 規 格 | C3: 数 量 | E3: 単 価 | F3: 金 額 | G3: 備 考
A4: 1 材料費
A5: =IF('入力シート（LED工事用）'!B105="","",'入力シート（LED工事用）'!B105) | B5: =IF('入力シート（LED工事用）'!C105="","",'入力シート（LED工事用）'!C105) | C5: =IF('入力シート（LED工事用）'!D105="","",'入力シート（LED工事用）'!D105) | D5: =IF('入力シート（LED工事用）'!D105="","","台") | E5: =IF('入力シート（LED工事用）'!G105="","",'入力シート（LED工事用）'!G105) | F5: =IF('入力シート（LED工事用）'!H105="","",'入力シート（LED工事用）'!H105)
A6: =IF('入力シート（LED工事用）'!B106="","",'入力シート（LED工事用）'!B106) | B6: =IF('入力シート（LED工事用）'!C106="","",'入力シート（LED工事用）'!C106) | C6: =IF('入力シート（LED工事用）'!D106="","",'入力シート（LED工事用）'!D106) | D6: =IF('入力シート（LED工事用）'!D106="","","台") | E6: =IF('入力シート（LED工事用）'!G106="","",'入力シート（LED工事用）'!G106) | F6: =IF('入力シート（LED工事用）'!H106="","",'入力シート（LED工事用）'!H106)
A7: =IF('入力シート（LED工事用）'!B107="","",'入力シート（LED工事用）'!B107) | B7: =IF('入力シート（LED工事用）'!C107="","",'入力シート（LED工事用）'!C107) | C7: =IF('入力シート（LED工事用）'!D107="","",'入力シート（LED工事用）'!D107) | D7: =IF('入力シート（LED工事用）'!D107="","","台") | E7: =IF('入力シート（LED工事用）'!G107="","",'入力シート（LED工事用）'!G107) | F7: =IF('入力シート（LED工事用）'!H107="","",'入力シート（LED工事用）'!H107)
A8: =IF('入力シート（LED工事用）'!B108="","",'入力シート（LED工事用）'!B108) | B8: =IF('入力シート（LED工事用）'!C108="","",'入力シート（LED工事用）'!C108) | C8: =IF('入力シート（LED工事用）'!D108="","",'入力シート（LED工事用）'!D108) | D8: =IF('入力シート（LED工事用）'!D108="","","台") | E8: =IF('入力シート（LED工事用）'!G108="","",'入力シート（LED工事用）'!G108) | F8: =IF('入力シート（LED工事用）'!H108="","",'入力シート（LED工事用）'!H108)
A9: =IF('入力シート（LED工事用）'!B109="","",'入力シート（LED工事用）'!B109) | B9: =IF('入力シート（LED工事用）'!C109="","",'入力シート（LED工事用）'!C109) | C9: =IF('入力シート（LED工事用）'!D109="","",'入力シート（LED工事用）'!D109) | D9: =IF('入力シート（LED工事用）'!D109="","","台") | E9: =IF('入力シート（LED工事用）'!G109="","",'入力シート（LED工事用）'!G109) | F9: =IF('入力シート（LED工事用）'!H109="","",'入力シート（LED工事用）'!H109)
A10: =IF('入力シート（LED工事用）'!B110="","",'入力シート（LED工事用）'!B110) | B10: =IF('入力シート（LED工事用）'!C110="","",'入力シート（LED工事用）'!C110) | C10: =IF('入力シート（LED工事用）'!D110="","",'入力シート（LED工事用）'!D110) | D10: =IF('入力シート（LED工事用）'!D110="","","台") | E10: =IF('入力シート（LED工事用）'!G110="","",'入力シート（LED工事用）'!G110) | F10: =IF('入力シート（LED工事用）'!H110="","",'入力シート（LED工事用）'!H110)
A11: =IF('入力シート（LED工事用）'!B111="","",'入力シート（LED工事用）'!B111) | B11: =IF('入力シート（LED工事用）'!C111="","",'入力シート（LED工事用）'!C111) | C11: =IF('入力シート（LED工事用）'!D111="","",'入力シート（LED工事用）'!D111) | D11: =IF('入力シート（LED工事用）'!D111="","","台") | E11: =IF('入力シート（LED工事用）'!G111="","",'入力シート（LED工事用）'!G111) | F11: =IF('入力シート（LED工事用）'!H111="","",'入力シート（LED工事用）'!H111)
A12: =IF('入力シート（LED工事用）'!B112="","",'入力シート（LED工事用）'!B112) | B12: =IF('入力シート（LED工事用）'!C112="","",'入力シート（LED工事用）'!C112) | C12: =IF('入力シート（LED工事用）'!D112="","",'入力シート（LED工事用）'!D112) | D12: =IF('入力シート（LED工事用）'!D112="","","台") | E12: =IF('入力シート（LED工事用）'!G112="","",'入力シート（LED工事用）'!G112) | F12: =IF('入力シート（LED工事用）'!H112="","",'入力シート（LED工事用）'!H112)
A13: =IF('入力シート（LED工事用）'!B113="","",'入力シート（LED工事用）'!B113) | B13: =IF('入力シート（LED工事用）'!C113="","",'入力シート（LED工事用）'!C113) | C13: =IF('入力シート（LED工事用）'!D113="","",'入力シート（LED工事用）'!D113) | D13: =IF('入力シート（LED工事用）'!D113="","","台") | E13: =IF('入力シート（LED工事用）'!G113="","",'入力シート（LED工事用）'!G113) | F13: =IF('入力シート（LED工事用）'!H113="","",'入力シート（LED工事用）'!H113)
A14: =IF('入力シート（LED工事用）'!B114="","",'入力シート（LED工事用）'!B114) | B14: =IF('入力シート（LED工事用）'!C114="","",'入力シート（LED工事用）'!C114) | C14: =IF('入力シート（LED工事用）'!D114="","",'入力シート（LED工事用）'!D114) | D14: =IF('入力シート（LED工事用）'!D114="","","台") | E14: =IF('入力シート（LED工事用）'!G114="","",'入力シート（LED工事用）'!G114) | F14: =IF('入力シート（LED工事用）'!H114="","",'入力シート（LED工事用）'!H114)
A15: =IF('入力シート（LED工事用）'!B115="","",'入力シート（LED工事用）'!B115) | B15: =IF('入力シート（LED工事用）'!C115="","",'入力シート（LED工事用）'!C115) | C15: =IF('入力シート（LED工事用）'!D115="","",'入力シート（LED工事用）'!D115) | D15: =IF('入力シート（LED工事用）'!D115="","","台") | E15: =IF('入力シート（LED工事用）'!G115="","",'入力シート（LED工事用）'!G115) | F15: =IF('入力シート（LED工事用）'!H115="","",'入力シート（LED工事用）'!H115)
A16: =IF('入力シート（LED工事用）'!B116="","",'入力シート（LED工事用）'!B116) | B16: =IF('入力シート（LED工事用）'!C116="","",'入力シート（LED工事用）'!C116) | C16: =IF('入力シート（LED工事用）'!D116="","",'入力シート（LED工事用）'!D116) | D16: =IF('入力シート（LED工事用）'!D116="","","台") | E16: =IF('入力シート（LED工事用）'!G116="","",'入力シート（LED工事用）'!G116) | F16: =IF('入力シート（LED工事用）'!H116="","",'入力シート（LED工事用）'!H116)
... A19: =IF('入力シート（LED工事用）'!B119="","",'入力シート（LED工事用）'!B119) | B19: =IF('入力シート（LED工事用）'!C119="","",'入力シート（LED工事用）'!C119) | C19: =IF('入力シート（LED工事用）'!D119="","",'入力シート（LED工事用）'!D119) | D19: =IF('入力シート（LED工事用）'!D119="","","台") | E19: =IF('入力シート（LED工事用）'!G119="","",'入力シート（LED工事用）'!G119) | F19: =IF('入力シート（LED工事用）'!H119="","",'入力シート（LED工事用）'!H119)
A20: 小 計 | C20: =SUM(C5:C19) -> 0 | F20: =SUM(F5:F19) -> 0

Sheet ①材料費　内訳(8)
G1: 46224
A2: 材料費明細（8/8）
A3: 名 称 | B3: 規 格 | C3: 数 量 | E3: 単 価 | F3: 金 額 | G3: 備 考
A4: 1 材料費
A5: =IF('入力シート（LED工事用）'!B120="","",'入力シート（LED工事用）'!B120) | B5: =IF('入力シート（LED工事用）'!C120="","",'入力シート（LED工事用）'!C120) | C5: =IF('入力シート（LED工事用）'!D120="","",'入力シート（LED工事用）'!D120) | D5: =IF('入力シート（LED工事用）'!D120="","","台") | E5: =IF('入力シート（LED工事用）'!G120="","",'入力シート（LED工事用）'!G120) | F5: =IF('入力シート（LED工事用）'!H120="","",'入力シート（LED工事用）'!H120)
A6: =IF('入力シート（LED工事用）'!B121="","",'入力シート（LED工事用）'!B121) | B6: =IF('入力シート（LED工事用）'!C121="","",'入力シート（LED工事用）'!C121) | C6: =IF('入力シート（LED工事用）'!D121="","",'入力シート（LED工事用）'!D121) | D6: =IF('入力シート（LED工事用）'!D121="","","台") | E6: =IF('入力シート（LED工事用）'!G121="","",'入力シート（LED工事用）'!G121) | F6: =IF('入力シート（LED工事用）'!H121="","",'入力シート（LED工事用）'!H121)
A7: =IF('入力シート（LED工事用）'!B122="","",'入力シート（LED工事用）'!B122) | B7: =IF('入力シート（LED工事用）'!C122="","",'入力シート（LED工事用）'!C122) | C7: =IF('入力シート（LED工事用）'!D122="","",'入力シート（LED工事用）'!D122) | D7: =IF('入力シート（LED工事用）'!D122="","","台") | E7: =IF('入力シート（LED工事用）'!G122="","",'入力シート（LED工事用）'!G122) | F7: =IF('入力シート（LED工事用）'!H122="","",'入力シート（LED工事用）'!H122)
A8: =IF('入力シート（LED工事用）'!B123="","",'入力シート（LED工事用）'!B123) | B8: =IF('入力シート（LED工事用）'!C123="","",'入力シート（LED工事用）'!C123) | C8: =IF('入力シート（LED工事用）'!D123="","",'入力シート（LED工事用）'!D123) | D8: =IF('入力シート（LED工事用）'!D123="","","台") | E8: =IF('入力シート（LED工事用）'!G123="","",'入力シート（LED工事用）'!G123) | F8: =IF('入力シート（LED工事用）'!H123="","",'入力シート（LED工事用）'!H123)
A9: =IF('入力シート（LED工事用）'!B124="","",'入力シート（LED工事用）'!B124) | B9: =IF('入力シート（LED工事用）'!C124="","",'入力シート（LED工事用）'!C124) | C9: =IF('入力シート（LED工事用）'!D124="","",'入力シート（LED工事用）'!D124) | D9: =IF('入力シート（LED工事用）'!D124="","","台") | E9: =IF('入力シート（LED工事用）'!G124="","",'入力シート（LED工事用）'!G124) | F9: =IF('入力シート（LED工事用）'!H124="","",'入力シート（LED工事用）'!H124)
A10: =IF('入力シート（LED工事用）'!B125="","",'入力シート（LED工事用）'!B125) | B10: =IF('入力シート（LED工事用）'!C125="","",'入力シート（LED工事用）'!C125) | C10: =IF('入力シート（LED工事用）'!D125="","",'入力シート（LED工事用）'!D125) | D10: =IF('入力シート（LED工事用）'!D125="","","台") | E10: =IF('入力シート（LED工事用）'!G125="","",'入力シート（LED工事用）'!G125) | F10: =IF('入力シート（LED工事用）'!H125="","",'入力シート（LED工事用）'!H125)
A11: =IF('入力シート（LED工事用）'!B126="","",'入力シート（LED工事用）'!B126) | B11: =IF('入力シート（LED工事用）'!C126="","",'入力シート（LED工事用）'!C126) | C11: =IF('入力シート（LED工事用）'!D126="","",'入力シート（LED工事用）'!D126) | D11: =IF('入力シート（LED工事用）'!D126="","","台") | E11: =IF('入力シート（LED工事用）'!G126="","",'入力シート（LED工事用）'!G126) | F11: =IF('入力シート（LED工事用）'!H126="","",'入力シート（LED工事用）'!H126)
A12: =IF('入力シート（LED工事用）'!B127="","",'入力シート（LED工事用）'!B127) | B12: =IF('入力シート（LED工事用）'!C127="","",'入力シート（LED工事用）'!C127) | C12: =IF('入力シート（LED工事用）'!D127="","",'入力シート（LED工事用）'!D127) | D12: =IF('入力シート（LED工事用）'!D127="","","台") | E12: =IF('入力シート（LED工事用）'!G127="","",'入力シート（LED工事用）'!G127) | F12: =IF('入力シート（LED工事用）'!H127="","",'入力シート（LED工事用）'!H127)
A13: =IF('入力シート（LED工事用）'!B128="","",'入力シート（LED工事用）'!B128) | B13: =IF('入力シート（LED工事用）'!C128="","",'入力シート（LED工事用）'!C128) | C13: =IF('入力シート（LED工事用）'!D128="","",'入力シート（LED工事用）'!D128) | D13: =IF('入力シート（LED工事用）'!D128="","","台") | E13: =IF('入力シート（LED工事用）'!G128="","",'入力シート（LED工事用）'!G128) | F13: =IF('入力シート（LED工事用）'!H128="","",'入力シート（LED工事用）'!H128)
A14: =IF('入力シート（LED工事用）'!B129="","",'入力シート（LED工事用）'!B129) | B14: =IF('入力シート（LED工事用）'!C129="","",'入力シート（LED工事用）'!C129) | C14: =IF('入力シート（LED工事用）'!D129="","",'入力シート（LED工事用）'!D129) | D14: =IF('入力シート（LED工事用）'!D129="","","台") | E14: =IF('入力シート（LED工事用）'!G129="","",'入力シート（LED工事用）'!G129) | F14: =IF('入力シート（LED工事用）'!H129="","",'入力シート（LED工事用）'!H129)
A15: =IF('入力シート（LED工事用）'!B130="","",'入力シート（LED工事用）'!B130) | B15: =IF('入力シート（LED工事用）'!C130="","",'入力シート（LED工事用）'!C130) | C15: =IF('入力シート（LED工事用）'!D130="","",'入力シート（LED工事用）'!D130) | D15: =IF('入力シート（LED工事用）'!D130="","","台") | E15: =IF('入力シート（LED工事用）'!G130="","",'入力シート（LED工事用）'!G130) | F15: =IF('入力シート（LED工事用）'!H130="","",'入力シート（LED工事用）'!H130)
A16: =IF('入力シート（LED工事用）'!B131="","",'入力シート（LED工事用）'!B131) | B16: =IF('入力シート（LED工事用）'!C131="","",'入力シート（LED工事用）'!C131) | C16: =IF('入力シート（LED工事用）'!D131="","",'入力シート（LED工事用）'!D131) | D16: =IF('入力シート（LED工事用）'!D131="","","台") | E16: =IF('入力シート（LED工事用）'!G131="","",'入力シート（LED工事用）'!G131) | F16: =IF('入力シート（LED工事用）'!H131="","",'入力シート（LED工事用）'!H131)
... A19: =IF('入力シート（LED工事用）'!B134="","",'入力シート（LED工事用）'!B134) | B19: =IF('入力シート（LED工事用）'!C134="","",'入力シート（LED工事用）'!C134) | C19: =IF('入力シート（LED工事用）'!D134="","",'入力シート（LED工事用）'!D134) | D19: =IF('入力シート（LED工事用）'!D134="","","台") | E19: =IF('入力シート（LED工事用）'!G134="","",'入力シート（LED工事用）'!G134) | F19: =IF('入力シート（LED工事用）'!H134="","",'入力シート（LED工事用）'!H134)
A20: 小 計 | C20: =SUM(C5:C19) -> 0 | F20: =SUM(F5:F19) -> 0
